GameId,NumberOfGame,OverAllTime
1,43,554.0150401592255
2,50,796.8544018268585
3,71,624.7932019233704
4,131,958.1589050292969
5,56,601.688502073288
6,63,801.2662010192871
7,35,292.898540019989
8,88,702.2179789543152
9,36,493.40780901908875
10,53,626.0875329971313
11,54,410.65079498291016
12,2,13.262990951538086
13,30,309.2836129665375
14,33,477.81230306625366
15,106,1031.8569791316986
16,23,255.74708485603333
17,38,468.1084361076355
18,67,669.4871170520782
19,107,763.6967830657959
20,62,700.8191709518433
21,98,771.8693809509277
22,42,515.429661989212
23,61,795.9124119281769
24,40,417.571839094162
25,64,630.2882540225983
26,83,1020.5803020000458
27,52,456.3122248649597
28,33,292.6887412071228
29,79,809.625746011734
30,28,241.88992714881897
31,70,604.026437997818
32,67,806.1952559947968
33,52,431.1995530128479
34,14,121.0772819519043
35,71,708.3787159919739
36,115,1038.249293088913
37,53,580.5282452106476
38,46,355.27806997299194
39,32,297.1234710216522
40,77,762.7206921577454
41,66,818.8642749786377
42,98,669.9839820861816
43,84,926.0184969902039
44,11,86.70762395858765
45,64,470.18233489990234
46,29,254.16253805160522
47,14,121.84058809280396
48,71,563.85076212883
49,140,719.3813722133636
50,100,889.7597899436951
51,94,573.5085790157318
52,74,715.8934350013733
53,68,840.0966310501099
54,70,662.9453511238098
55,50,607.79514503479
56,114,996.7133429050446
57,69,580.9257969856262
58,62,672.1070160865784
59,131,1180.224594116211
60,53,507.2475299835205
61,38,478.67474699020386
62,57,537.9196448326111
63,47,525.3659799098969
64,70,638.4025468826294
65,63,860.2390999794006
66,120,909.7729358673096
67,66,599.1823699474335
68,64,759.867917060852
69,50,430.9936089515686
70,73,560.1868381500244
71,90,880.4143350124359
72,80,985.5918209552765
73,61,390.06655406951904
74,127,706.7107081413269
75,82,902.8638570308685
76,86,874.3325772285461
77,95,1347.4145338535309
78,65,802.646763086319
79,102,506.73298382759094
80,94,1237.4985580444336
81,47,469.806293964386
82,19,168.48837018013
83,96,608.4781229496002
84,47,486.7871217727661
85,63,529.9821221828461
86,100,652.8813951015472
87,44,503.5121719837189
88,66,666.6045010089874
89,51,498.12918305397034
90,30,322.2530710697174
91,60,593.0061419010162
92,35,352.0339140892029
93,44,610.4682509899139
94,41,467.0614449977875
95,109,1049.4342761039734
96,25,265.41740107536316
97,66,636.9117519855499
98,70,676.0604360103607
99,75,821.7426888942719
100,54,329.5817198753357
101,78,692.5130801200867
102,55,603.3347480297089
103,60,778.3954799175262
104,67,599.6136128902435
105,89,799.428827047348
106,95,965.9931819438934
107,56,718.0541989803314
108,13,131.10808110237122
109,67,723.2879450321198
110,68,934.6286070346832
111,114,901.309592962265
112,42,499.84310388565063
113,65,566.0778338909149
114,22,207.79223108291626
115,51,647.5463228225708
116,70,845.7855379581451
117,79,984.2120490074158
118,96,639.2631480693817
119,2,9.459969997406006
120,28,248.25041604042053
121,69,738.7184329032898
122,48,552.7820808887482
123,33,336.69448685646057
124,92,951.3180429935455
125,26,287.9600808620453
126,62,766.9978110790253
127,32,339.0090148448944
128,40,372.73467683792114
129,38,418.0393509864807
130,35,299.0089671611786
131,67,529.6881010532379
132,121,898.6093230247498
133,52,522.3802139759064
134,5,43.12591600418091
135,49,564.2490310668945
136,7,65.01376700401306
137,28,284.2682580947876
138,79,742.3246910572052
139,29,319.9408960342407
140,59,695.1124510765076
141,91,806.1351430416107
142,28,311.3489980697632
143,145,1425.897334098816
144,106,763.8532979488373
145,65,620.3237450122833
146,39,390.2869441509247
147,99,825.7681839466095
148,64,692.9582660198212
149,64,1008.7223398685455
150,75,849.8697600364685
151,77,1109.2442588806152
152,101,842.4185149669647
153,23,213.51913595199585
154,56,427.8957169055939
155,119,905.5575258731842
156,80,725.7780199050903
157,96,836.4479651451111
158,75,731.0329849720001
159,54,566.1365208625793
160,127,918.0994420051575
161,81,1054.0211579799652
162,114,1097.0800170898438
163,70,569.0922129154205
164,42,335.24744391441345
165,28,219.9102921485901
166,12,78.72042608261108
167,80,543.7680568695068
168,55,611.5221118927002
169,119,1200.8831219673157
170,34,308.2983138561249
171,99,687.2355260848999
172,38,223.87571120262146
173,97,1032.8424260616302
174,52,492.2804970741272
175,16,167.06359100341797
176,107,702.4477229118347
177,45,374.85477209091187
178,93,825.7655670642853
179,38,532.7139089107513
180,82,1005.000482082367
181,50,492.0043978691101
182,35,300.35823798179626
183,136,1316.95326089859
184,78,793.5987939834595
185,77,894.2966148853302
186,39,428.58315992355347
187,42,419.82398200035095
188,123,1058.048828125
189,50,614.6568868160248
190,79,727.5844900608063
191,64,601.4502770900726
192,79,780.6125009059906
193,75,683.0027420520782
194,55,534.0839240550995
195,27,281.09971499443054
196,46,445.84453105926514
197,47,463.81873512268066
198,59,689.7164168357849
199,28,235.8704960346222
200,26,215.28385496139526
201,56,604.4246199131012
202,96,871.5824599266052
203,51,637.7484970092773
204,45,612.6955308914185
205,83,802.130961894989
206,52,601.6717569828033
207,59,685.5175731182098
208,91,974.9472389221191
209,11,101.81611013412476
210,76,690.5250468254089
211,47,527.1601040363312
212,138,1147.8494431972504
213,76,880.4892160892487
214,108,667.0896458625793
215,63,692.7079038619995
216,52,630.7018659114838
217,30,290.24367213249207
218,58,681.8067171573639
219,66,674.7195029258728
220,106,1144.5911929607391
221,130,439.36363101005554
222,27,249.20015907287598
223,31,295.70124793052673
224,97,691.7078669071198
225,138,457.0205399990082
226,132,764.2250039577484
227,48,498.16543102264404
228,59,575.2640669345856
229,61,607.9544351100922
230,73,713.2183248996735
231,62,733.4444980621338
232,76,896.3366069793701
233,81,797.7554540634155
234,34,419.183189868927
235,58,519.4618580341339
236,36,402.66302704811096
237,91,906.798662185669
238,74,677.4805111885071
239,76,571.8427970409393
240,155,803.9754679203033
241,131,888.4639060497284
242,60,585.1646599769592
243,49,549.2591438293457
244,55,572.659252166748
245,95,628.866054058075
246,46,498.4833519458771
247,100,886.8234930038452
248,48,431.5576639175415
249,45,548.1517810821533
250,50,506.1520719528198
251,37,242.45574593544006
252,41,384.1741740703583
253,92,1215.0912971496582
254,75,860.4667429924011
255,57,593.0818500518799
256,79,823.7563118934631
257,53,527.0396268367767
258,77,782.0338180065155
259,105,877.3022158145905
260,55,489.2949118614197
261,64,763.9664709568024
262,119,1240.0572011470795
263,30,315.5745780467987
264,42,366.55944204330444
265,111,941.7539558410645
266,60,509.7490179538727
267,57,646.0412211418152
268,36,438.984256029129
269,126,797.3706429004669
270,38,403.37415981292725
271,89,697.878210067749
272,87,719.6746480464935
273,83,721.6288931369781
274,85,894.7565429210663
275,129,1074.1573379039764
276,79,1017.1029551029205
277,138,744.9773399829865
278,129,914.5246419906616
279,88,760.2653081417084
280,97,996.9726600646973
281,74,725.1361229419708
282,101,981.0866689682007
283,32,316.41253304481506
284,93,1384.7161900997162
285,70,847.8874039649963
286,85,1017.8765878677368
287,56,369.56432914733887
288,50,582.2987351417542
289,30,286.3281280994415
290,60,687.665629863739
291,49,458.105584859848
292,81,973.5809319019318
293,66,603.1759400367737
294,43,360.950560092926
295,27,237.7150490283966
296,47,441.74223804473877
297,73,859.6717748641968
298,95,755.8391947746277
299,64,695.4306499958038
300,20,216.04742407798767
301,41,439.46737909317017
302,101,640.9416999816895
303,97,772.8278591632843
304,46,580.6626358032227
305,104,1002.8097200393677
306,94,786.7639808654785
307,52,454.92589592933655
308,27,289.25014996528625
309,67,597.3828918933868
310,111,738.35302901268
311,27,290.01959800720215
312,69,604.8395960330963
313,78,878.1653430461884
314,65,598.9664859771729
315,99,867.0814161300659
316,40,342.1558029651642
317,26,344.3673219680786
318,71,773.9329500198364
319,76,569.0614321231842
320,87,1045.9941029548645
321,143,552.656909942627
322,43,677.4459960460663
323,12,133.95130920410156
324,144,1049.7868421077728
325,52,548.5793740749359
326,61,601.518285036087
327,45,411.5275890827179
328,57,536.4686319828033
329,79,680.9278450012207
330,73,568.6948330402374
331,50,455.1767020225525
332,55,599.1275868415833
333,75,750.0910079479218
334,59,554.4234158992767
335,28,271.50934195518494
336,43,482.962110042572
337,38,427.770210981369
338,52,759.4519209861755
339,75,800.4074921607971
340,78,951.8648238182068
341,35,328.74437403678894
342,93,658.4520421028137
343,77,607.2353661060333
344,68,681.23073387146
345,39,435.58078789711
346,54,432.91488313674927
347,117,692.1415770053864
348,69,737.6285920143127
349,36,359.16452503204346
350,93,838.962219953537
351,43,600.0427379608154
352,42,449.3557200431824
353,68,646.757523059845
354,26,243.84922313690186
355,108,472.87337613105774
356,103,765.1336920261383
357,37,363.77390003204346
358,102,567.737076997757
359,44,383.22423696517944
360,146,992.1657509803772
361,39,338.70796394348145
362,190,486.80809116363525
363,89,874.435839176178
364,56,449.46019196510315
365,83,682.6751439571381
366,92,1237.7719340324402
367,120,662.550961971283
368,77,864.2616791725159
369,89,958.7446281909943
370,68,767.8651208877563
371,65,647.5536599159241
372,65,948.8145489692688
373,96,1161.0949440002441
374,65,737.697723865509
375,115,905.2970399856567
376,76,578.4891498088837
377,51,443.1148579120636
378,88,619.5247960090637
379,44,435.41403794288635
380,69,741.7318439483643
381,105,1014.1792860031128
382,19,151.4694230556488
383,53,715.9282119274139
384,64,521.452122926712
385,150,1109.7318408489227
386,114,1011.1238160133362
387,97,804.2368438243866
388,12,114.50877690315247
389,80,972.5961549282074
390,48,572.5666320323944
391,68,691.8811750411987
392,45,422.1226010322571
393,73,732.5429210662842
394,98,451.224732875824
395,119,927.4639132022858
396,94,696.3635289669037
397,69,824.8667120933533
398,94,1239.2374160289764
399,57,466.837464094162
400,109,1402.0153229236603
401,89,893.705157995224
402,50,441.0012321472168
403,98,632.2160289287567
404,111,1279.683228969574
405,66,522.5288581848145
406,81,824.0110569000244
407,67,677.5297541618347
408,132,936.6266691684723
409,107,1063.146893978119
410,26,337.120512008667
411,66,500.6150281429291
412,129,1032.353439092636
413,55,553.1682510375977
414,46,464.246946811676
415,53,725.3372638225555
416,25,262.2474219799042
417,88,844.3111460208893
418,61,606.9374649524689
419,2,13.07030987739563
420,92,695.1789269447327
421,34,282.98309087753296
422,81,588.6144089698792
423,34,330.40420389175415
424,76,1010.1452009677887
425,46,469.7835919857025
426,104,1031.5706729888916
427,73,831.307168006897
428,112,871.1879041194916
429,101,876.6949710845947
430,48,426.30603194236755
431,140,1426.9233241081238
432,109,910.2430210113525
433,57,674.2691240310669
434,86,803.118145942688
435,93,765.6318619251251
436,49,614.2894389629364
437,50,455.0118188858032
438,53,491.62009501457214
439,95,1238.1946551799774
440,72,1321.412803888321
441,41,343.74594283103943
442,93,1123.6166779994965
443,98,1033.081393957138
444,72,849.8830950260162
445,115,748.8910019397736
446,69,698.3122489452362
447,15,145.3316159248352
448,71,735.921021938324
449,45,488.97007393836975
450,57,713.1009328365326
451,71,746.3391599655151
452,74,743.2608120441437
453,59,523.3105630874634
454,79,731.0483450889587
455,129,1146.1160461902618
456,98,1145.2466259002686
457,8,74.39473414421082
458,36,356.2306659221649
459,47,731.3671600818634
460,33,436.1685290336609
461,75,728.4008371829987
462,71,650.7104201316833
463,133,1175.4561038017273
464,111,909.5706520080566
465,94,646.3730590343475
466,63,684.5552899837494
467,104,623.7467889785767
468,75,710.7712860107422
469,60,782.4247689247131
470,61,540.1790637969971
471,114,1050.8221521377563
472,105,953.4242188930511
473,70,867.0350089073181
474,40,463.8140389919281
475,60,619.6484899520874
476,100,715.0408580303192
477,87,1030.3670740127563
478,70,642.0221791267395
479,47,389.3568229675293
480,27,258.16020703315735
481,56,555.0486688613892
482,82,682.7803790569305
483,117,595.5972430706024
484,108,938.8280038833618
485,38,658.6677949428558
486,113,975.3641121387482
487,56,531.6609330177307
488,80,918.4477028846741
489,60,802.3386318683624
490,103,881.3220729827881
491,114,1145.3929920196533
492,66,917.157800912857
493,109,1543.2279689311981
494,87,812.87380194664
495,62,685.8852248191833
496,84,943.546441078186
497,68,722.0241360664368
498,51,465.2845039367676
499,73,733.3568880558014
500,24,218.78308606147766
501,58,570.410649061203
502,45,470.7282328605652
503,78,1021.8975269794464
504,5,37.44419503211975
505,75,895.599986076355
506,118,997.8173270225525
507,55,787.831818819046
508,63,632.8355090618134
509,38,339.20558500289917
510,103,1382.5646390914917
511,21,185.7923128604889
512,92,608.0831050872803
513,83,866.7816159725189
514,125,684.3301949501038
515,71,669.4189248085022
516,76,756.3747599124908
517,108,917.6734080314636
518,108,816.8494138717651
519,111,924.0956211090088
520,58,566.80974817276
521,140,1249.5706341266632
522,75,820.9695038795471
523,36,332.794802904129
524,117,854.2453827857971
525,73,687.271500825882
526,41,492.59969782829285
527,96,763.3369591236115
528,68,881.4336440563202
529,79,752.7213730812073
530,40,562.5880818367004
531,89,595.033084154129
532,90,801.51154088974
533,23,256.16355085372925
534,94,825.9435119628906
535,62,639.5945320129395
536,60,752.5660347938538
537,59,895.0511419773102
538,74,636.0735700130463
539,60,680.3176589012146
540,41,361.6119849681854
541,55,618.413635969162
542,66,789.1188831329346
543,66,772.7305359840393
544,55,491.32666015625
545,34,389.22521710395813
546,74,707.6042940616608
547,53,647.9215409755707
548,70,711.0522191524506
549,147,882.7760028839111
550,62,888.8812980651855
551,69,1918.6239290237427
552,70,908.1927762031555
553,39,499.9637088775635
554,48,678.027440071106
555,105,516.6928749084473
556,52,510.4016420841217
557,136,798.0698931217194
558,62,703.6888430118561
559,95,760.3652670383453
560,35,360.98198795318604
561,91,615.9679019451141
562,66,648.7717611789703
563,46,498.7432050704956
564,53,619.3693859577179
565,101,1024.0007400512695
566,87,818.4841220378876
567,67,480.3939242362976
568,79,1093.1713030338287
569,24,263.98240900039673
570,21,240.7961049079895
571,37,337.1916069984436
572,67,698.4696280956268
573,80,867.0595870018005
574,35,304.58505392074585
575,34,282.44865107536316
576,57,637.5726320743561
577,62,579.7592420578003
578,154,1092.4609441757202
579,74,626.5907549858093
580,86,531.9347960948944
581,38,465.5597240924835
582,52,656.5020608901978
583,70,672.6333100795746
584,119,1079.4155049324036
585,37,407.9669327735901
586,69,641.664088010788
587,49,493.5588381290436
588,52,558.0945889949799
589,26,403.8992209434509
590,73,719.2067980766296
591,63,779.6225020885468
592,55,740.9191081523895
593,55,498.80227303504944
594,93,1325.801582813263
595,69,790.098405122757
596,80,742.6703000068665
597,118,829.4416120052338
598,76,570.7471001148224
599,54,489.1970829963684
600,72,618.8628969192505
601,52,609.4440379142761
602,19,225.45094299316406
603,55,500.4762020111084
604,112,1012.644161939621
605,111,862.1511778831482
606,123,1285.643490076065
607,67,631.0054411888123
608,66,645.8650209903717
609,110,527.1827549934387
610,84,928.1994721889496
611,102,597.5029299259186
612,49,323.3174889087677
613,37,359.1441168785095
614,120,914.5067908763885
615,99,641.1320509910583
616,111,927.8985259532928
617,30,348.27027702331543
618,60,819.3638989925385
619,109,1031.4137008190155
620,72,772.5679459571838
621,62,743.6525771617889
622,104,716.690703868866
623,72,694.4764218330383
624,85,912.6328930854797
625,74,918.9363598823547
626,32,391.44727206230164
627,2,10.38792896270752
628,59,487.4260199069977
629,131,1152.0143599510193
630,91,1084.713945865631
631,45,510.88532996177673
632,92,699.78759598732
633,1,5.647665023803711
634,115,1155.0877089500427
635,93,751.6264550685883
636,118,1004.922061920166
637,96,904.6471037864685
638,48,452.3965721130371
639,109,777.5243880748749
640,97,638.1966278553009
641,99,1208.9125888347626
642,90,1222.204115152359
643,83,878.5710430145264
644,101,1018.8287751674652
645,79,670.8655869960785
646,112,884.2091770172119
647,49,498.0639569759369
648,97,1361.6118729114532
649,15,203.99344086647034
650,55,629.3386099338531
651,101,695.23513007164
652,70,714.7578220367432
653,48,585.3607680797577
654,71,851.3037230968475
655,59,654.7785789966583
656,103,625.7151839733124
657,57,776.8852128982544
658,49,489.5201241970062
659,137,956.9527440071106
660,60,451.4431929588318
661,43,492.8001070022583
662,90,792.2220199108124
663,41,472.5178470611572
664,53,734.2482798099518
665,60,1334.3140361309052
666,48,446.7993791103363
667,100,803.5851578712463
668,93,924.6444821357727
669,37,443.2148189544678
670,108,740.1022918224335
671,74,650.2140829563141
672,125,1245.3326060771942
673,15,138.73469710350037
674,70,678.0158338546753
675,59,601.2576010227203
676,46,528.5152180194855
677,61,682.8899989128113
678,64,796.065544128418
679,36,395.47850918769836
680,63,630.9629411697388
681,58,1208.9686579704285
682,112,772.7401931285858
683,67,599.8103640079498
684,57,577.6032950878143
685,87,784.4365148544312
686,61,575.0357990264893
687,31,311.6266849040985
688,26,354.14837193489075
689,81,804.3547341823578
690,76,798.3277010917664
691,91,557.0148241519928
692,80,781.1217041015625
693,84,801.2953300476074
694,36,385.71841382980347
695,102,621.1137709617615
696,102,845.6291561126709
697,86,785.33340883255
698,112,818.17879986763
699,55,674.5538520812988
700,46,569.9210450649261
701,57,627.8001670837402
702,133,1051.6146910190582
703,39,325.46283316612244
704,88,636.9711859226227
705,76,792.5979611873627
706,97,772.350909948349
707,133,836.7579610347748
708,115,823.5302348136902
709,91,1078.2937760353088
710,21,178.71951985359192
711,75,884.8265249729156
712,64,854.467453956604
713,113,1085.4216539859772
714,80,901.8353581428528
715,53,427.52381801605225
716,38,380.28525400161743
717,77,933.6430509090424
718,34,347.1021661758423
719,84,585.9773709774017
720,50,420.50632309913635
721,36,309.8931541442871
722,70,561.8733229637146
723,77,750.795716047287
724,64,674.0454621315002
725,65,589.1608400344849
726,34,320.0711932182312
727,89,775.7178010940552
728,82,666.9613170623779
729,123,848.7762150764465
730,75,688.7752227783203
731,57,621.3328280448914
732,140,604.3003878593445
733,94,1172.6037080287933
734,57,537.2642340660095
735,65,852.2914040088654
736,66,572.0849380493164
737,37,375.5096471309662
738,54,607.2820801734924
739,26,262.7604901790619
740,53,609.2908580303192
741,101,754.9155158996582
742,75,749.2651138305664
743,76,919.561418056488
744,40,420.42036390304565
745,96,1125.6078729629517
746,65,708.086042881012
747,98,1207.9705538749695
748,33,337.2293632030487
749,65,732.8634178638458
750,10,82.07431817054749
751,128,1294.0252540111542
752,55,662.253427028656
753,102,831.6961100101471
754,104,630.9852039813995
755,53,522.4568808078766
756,66,746.5176610946655
757,90,1082.925096988678
758,48,544.3483989238739
759,33,323.73343682289124
760,155,992.805999994278
761,47,434.75870299339294
762,99,1286.1670818328857
763,26,282.66681599617004
764,91,430.2835850715637
765,54,583.219172000885
766,129,724.7128419876099
767,65,723.9058561325073
768,22,225.50796699523926
769,71,694.1535458564758
770,77,725.4015159606934
771,52,696.4191801548004
772,80,683.1904871463776
773,26,335.50722098350525
774,58,591.4830629825592
775,74,790.792387008667
776,28,273.3399589061737
777,54,579.6335809230804
778,124,687.2702739238739
779,95,773.0182151794434
780,66,530.5420370101929
781,124,1210.8008680343628
782,77,822.8731980323792
783,45,450.84254789352417
784,33,450.32572889328003
785,47,559.2537338733673
786,47,468.0791220664978
787,42,406.78037905693054
788,41,458.2460398674011
789,81,845.5535769462585
790,38,404.9424669742584
791,58,502.70379090309143
792,123,507.8476278781891
793,111,942.9803371429443
794,55,596.9573559761047
795,67,718.8471939563751
796,94,838.3158841133118
797,64,636.9868271350861
798,64,747.1821410655975
799,69,698.077516078949
800,87,989.8937058448792
801,100,946.1268169879913
802,17,177.5205202102661
803,96,1265.0085730552673
804,53,625.1188280582428
805,83,655.7295939922333
806,107,661.0336711406708
807,125,1352.5726428031921
808,137,1011.5149078369141
809,72,707.617329120636
810,89,799.9172668457031
811,96,837.5534470081329
812,61,771.3934028148651
813,44,435.01783084869385
814,55,638.3839428424835
815,129,847.3483209609985
816,55,906.5534710884094
817,44,522.6490309238434
818,57,861.5826280117035
819,58,546.7391510009766
820,47,435.40627813339233
821,84,827.5634279251099
822,95,1123.3791768550873
823,87,784.6056501865387
824,41,473.72845911979675
825,62,512.2245080471039
826,80,821.7469680309296
827,40,425.623831987381
828,30,324.7062978744507
829,134,1079.6097209453583
830,121,820.5377190113068
831,93,743.8404040336609
832,87,1069.6674251556396
833,132,669.5367119312286
834,62,605.0754590034485
835,18,182.95967817306519
836,107,889.3150908946991
837,41,376.02858710289
838,97,1195.5694620609283
839,132,765.5366740226746
840,98,948.2901329994202
841,61,596.6126770973206
842,65,685.9004900455475
843,96,895.533998966217
844,50,475.9157338142395
845,53,577.2520160675049
846,35,328.7928218841553
847,57,549.0075340270996
848,111,1022.4284870624542
849,86,698.1091928482056
850,74,582.6343510150909
851,17,161.8487720489502
852,88,905.4974181652069
853,125,771.2726650238037
854,54,566.4692471027374
855,77,803.8041360378265
856,31,420.6988079547882
857,36,394.79675817489624
858,62,584.8419878482819
859,97,1216.7016489505768
860,13,119.64028906822205
861,66,710.4132399559021
862,11,108.78561997413635
863,101,1103.058601140976
864,74,719.8408808708191
865,128,837.2193629741669
866,132,732.1511588096619
867,134,748.9752039909363
868,64,606.4036071300507
869,76,966.0909900665283
870,40,320.7877690792084
871,61,583.365040063858
872,97,847.0449628829956
873,61,621.2035791873932
874,77,784.813413143158
875,48,460.51932406425476
876,62,613.1398150920868
877,137,867.0087749958038
878,96,1228.4074940681458
879,49,384.71515798568726
880,97,665.6232721805573
881,40,414.48370599746704
882,61,483.8929212093353
883,103,895.9177708625793
884,67,657.2318229675293
885,57,731.6951169967651
886,68,645.8650999069214
887,96,698.2205278873444
888,46,390.6418299674988
889,72,800.116895198822
890,28,296.13673281669617
891,85,701.6629650592804
892,101,615.4733901023865
893,52,532.4662570953369
894,129,771.8261358737946
895,132,766.5420739650726
896,66,422.7152271270752
897,35,516.4904408454895
898,68,865.6673531532288
899,88,720.6921038627625
900,69,879.1009662151337
901,64,626.6463119983673
902,116,624.4041440486908
903,174,870.5996780395508
904,43,415.5496549606323
905,92,1430.4080410003662
906,124,1188.0359089374542
907,37,379.9722411632538
908,57,656.2796030044556
909,59,630.5414299964905
910,70,872.6050179004669
911,60,470.6524729728699
912,127,1417.2229580879211
913,112,871.4965541362762
914,60,496.01855397224426
915,72,605.9907009601593
916,71,834.5539689064026
917,67,987.3221008777618
918,72,773.6434359550476
919,82,767.1429891586304
920,116,884.233757019043
921,57,627.439610004425
922,105,930.2826838493347
923,25,224.28205490112305
924,13,104.85179996490479
925,80,648.9802510738373
926,134,856.2901082038879
927,62,842.1465971469879
928,18,167.0301640033722
929,79,618.6310930252075
930,46,395.43279004096985
931,69,704.8785989284515
932,106,942.8720581531525
933,46,424.6787679195404
934,104,765.2241590023041
935,68,1127.9826111793518
936,73,1016.5534200668335
937,49,510.73046708106995
938,60,547.5973949432373
939,40,479.06847500801086
940,117,639.8634350299835
941,137,910.1641490459442
942,66,486.84993600845337
943,55,790.1347751617432
944,46,404.43691205978394
945,61,667.9104371070862
946,111,827.0534369945526
947,118,1067.208634853363
948,118,1509.7624509334564
949,65,696.0817348957062
950,52,550.8898990154266
951,91,921.2911810874939
952,60,580.5076639652252
953,51,689.9650368690491
954,107,790.9540560245514
955,157,1156.4256460666656
956,36,417.8019959926605
957,90,794.8450660705566
958,83,952.9583270549774
959,37,379.7089660167694
960,52,478.61055517196655
961,67,773.773087978363
962,93,1116.6742210388184
963,5,32.63955998420715
964,110,1094.6450600624084
965,32,287.204717874527
966,58,491.709890127182
967,35,440.1578459739685
968,45,542.3014900684357
969,54,547.8372840881348
970,32,326.74699115753174
971,59,733.2792298793793
972,26,273.3309910297394
973,88,1695.8520200252533
974,42,434.93169593811035
975,22,204.2569398880005
976,30,193.00806188583374
977,27,266.70776891708374
978,57,562.3396310806274
979,13,105.09424591064453
980,62,578.9582560062408
981,56,569.28595495224
982,81,896.8655679225922
983,84,871.5718569755554
984,78,602.1631078720093
985,31,433.9846739768982
986,61,595.3927838802338
987,90,1082.6457600593567
988,130,1257.3281390666962
989,113,988.8045191764832
990,70,654.6954398155212
991,124,929.078015089035
992,52,595.7995619773865
993,111,678.9380919933319
994,53,616.0361218452454
995,65,609.4274928569794
996,27,356.22845005989075
997,48,735.612300157547
998,63,629.7371730804443
999,122,1079.9734108448029
1000,36,456.61331820487976
1001,103,808.977068901062
1002,59,644.4020829200745
1003,55,361.3735918998718
1004,25,255.88868308067322
1005,62,680.4310159683228
1006,109,767.7316029071808
1007,77,641.0279541015625
1008,94,1082.7221570014954
1009,46,415.19478702545166
1010,74,729.6783111095428
1011,37,371.0563440322876
1012,30,221.93458008766174
1013,44,474.9960470199585
1014,108,737.3625769615173
1015,88,1012.431792974472
1016,73,645.4451107978821
1017,95,738.0648159980774
1018,83,700.1960899829865
1019,58,609.6300251483917
1020,69,696.0775599479675
1021,71,799.2787399291992
1022,184,630.0206770896912
1023,129,680.9948379993439
1024,48,726.8690071105957
1025,111,1023.8302919864655
1026,13,121.57091879844666
1027,101,693.6850380897522
1028,83,664.858992099762
1029,112,894.9549510478973
1030,10,74.16232085227966
1031,69,794.511549949646
1032,77,468.41808581352234
1033,69,798.15070104599
1034,116,1109.2730720043182
1035,52,697.7552561759949
1036,56,616.0963749885559
1037,59,578.2798128128052
1038,49,575.9109990596771
1039,65,685.3764820098877
1040,122,523.8380379676819
1041,67,610.0398380756378
1042,55,514.5521421432495
1043,156,833.8701071739197
1044,108,1100.940989971161
1045,103,1072.7562959194183
1046,50,616.8659789562225
1047,49,606.0593438148499
1048,43,398.5432298183441
1049,129,806.8913311958313
1050,45,433.91387391090393
1051,82,685.0235857963562
1052,85,636.735563993454
1053,68,792.6508710384369
1054,67,588.2452259063721
1055,83,1236.6801550388336
1056,51,595.928957939148
1057,53,609.8186202049255
1058,46,403.7771499156952
1059,102,775.8980669975281
1060,36,365.9098529815674
1061,126,715.4692289829254
1062,30,260.0444631576538
1063,52,569.7860639095306
1064,60,531.733302116394
1065,53,637.9228639602661
1066,137,1773.4928019046783
1067,44,482.25735092163086
1068,64,757.849828004837
1069,87,823.6522109508514
1070,34,439.9828472137451
1071,48,560.4461271762848
1072,103,999.8604979515076
1073,113,1071.6115691661835
1074,72,748.7898361682892
1075,59,518.7601430416107
1076,83,580.2708950042725
1077,57,702.5663640499115
1078,131,931.2029151916504
1079,49,478.1870551109314
1080,48,482.5922260284424
1081,93,1029.4408819675446
1082,52,469.59118914604187
1083,85,1017.5335681438446
1084,56,664.7038948535919
1085,162,726.5024139881134
1086,108,483.4357099533081
1087,61,560.9735097885132
1088,84,674.2167129516602
1089,6,43.55494499206543
1090,74,806.6069078445435
1091,41,328.0916259288788
1092,105,842.2027840614319
1093,85,805.9670550823212
1094,58,589.8686430454254
1095,62,671.2922570705414
1096,20,204.7512149810791
1097,38,480.29017305374146
1098,58,572.3032999038696
1099,72,725.7650611400604
1100,94,737.2615540027618
1101,57,679.2873020172119
1102,63,550.3306767940521
1103,75,631.914932012558
1104,166,693.2300848960876
1105,109,908.1622529029846
1106,79,611.8030450344086
1107,51,484.7621660232544
1108,147,778.7943940162659
1109,63,654.2651290893555
1110,86,650.3243899345398
1111,79,980.6683878898621
1112,113,622.3114809989929
1113,95,855.109561920166
1114,60,447.4734899997711
1115,57,504.1924629211426
1116,73,516.5537619590759
1117,65,695.9849259853363
1118,34,297.63320112228394
1119,29,348.5465989112854
1120,71,1048.2399928569794
1121,65,681.0965979099274
1122,95,1076.4001820087433
1123,121,1071.2412638664246
1124,161,1606.9619739055634
1125,97,866.3376860618591
1126,67,703.5542829036713
1127,125,844.0082879066467
1128,77,642.6988580226898
1129,46,631.2111210823059
1130,136,801.5233418941498
1131,63,686.4075100421906
1132,128,1137.7639269828796
1133,42,537.0653960704803
1134,150,815.8545441627502
1135,120,815.6427569389343
1136,7,53.50815200805664
1137,56,589.0790450572968
1138,109,1232.414477109909
1139,106,726.6671481132507
1140,70,730.2961881160736
1141,64,486.74178314208984
1142,105,822.2964570522308
1143,43,575.2556478977203
1144,47,399.4550669193268
1145,59,463.9005618095398
1146,96,1176.5620739459991
1147,47,412.08866786956787
1148,62,635.1553339958191
1149,104,722.6095750331879
1150,123,946.5477039813995
1151,52,521.6854290962219
1152,69,758.7412462234497
1153,53,1096.4295809268951
1154,120,1025.8005981445312
1155,40,371.03277492523193
1156,90,924.478912115097
1157,98,788.5263121128082
1158,56,438.94130301475525
1159,37,478.9436149597168
1160,42,468.6311511993408
1161,46,485.6197679042816
1162,80,661.602630853653
1163,87,770.6144170761108
1164,55,600.8251888751984
1165,85,738.776848077774
1166,24,256.87762689590454
1167,71,710.4817428588867
1168,85,663.2546229362488
1169,78,613.7292070388794
1170,95,770.5967979431152
1171,67,742.2606818675995
1172,82,690.578134059906
1173,38,386.69770979881287
1174,45,475.42169094085693
1175,47,739.7246239185333
1176,133,796.3648800849915
1177,5,44.763657093048096
1178,33,410.33185386657715
1179,110,1028.5609028339386
1180,41,396.7047710418701
1181,95,761.3330528736115
1182,52,399.8493871688843
1183,45,400.93582916259766
1184,61,513.6690797805786
1185,55,528.9748849868774
1186,54,536.4927189350128
1187,51,682.2510259151459
1188,107,602.1019229888916
1189,61,491.26752495765686
1190,2,8.541865825653076
1191,69,740.2611169815063
1192,154,885.3801829814911
1193,142,784.3477990627289
1194,32,218.90360116958618
1195,70,853.1871869564056
1196,37,382.45957803726196
1197,31,269.20689582824707
1198,86,1089.9185948371887
1199,38,446.80976486206055
1200,12,91.04511904716492
1201,105,873.5437548160553
1202,90,886.2954721450806
1203,79,997.7773458957672
1204,78,983.93794298172
1205,54,464.4002058506012
1206,7,56.63431906700134
1207,109,850.7481391429901
1208,36,357.26477909088135
1209,71,832.9237961769104
1210,24,226.96425199508667
1211,42,386.00749015808105
1212,73,944.0812909603119
1213,38,400.95304012298584
1214,85,964.280394077301
1215,34,363.2903838157654
1216,59,785.1622440814972
1217,67,879.775447845459
1218,60,716.438304901123
1219,51,458.954754114151
1220,41,481.3720860481262
1221,65,563.3917710781097
1222,49,505.3498990535736
1223,63,754.6295669078827
1224,112,920.720705986023
1225,122,1003.4954650402069
1226,84,910.0484619140625
1227,77,675.316755771637
1228,61,568.1655490398407
1229,56,484.5730621814728
1230,88,1027.148540019989
1231,23,247.08635210990906
1232,55,662.0172991752625
1233,74,679.8439900875092
1234,37,449.2485399246216
1235,94,676.4932069778442
1236,97,507.07511806488037
1237,57,606.0431699752808
1238,90,728.7769198417664
1239,34,297.4528980255127
1240,17,169.35911297798157
1241,53,575.5614199638367
1242,65,962.0896310806274
1243,70,850.9423289299011
1244,2,12.306386947631836
1245,39,399.6304850578308
1246,18,148.20472502708435
1247,40,384.6040389537811
1248,81,739.7013709545135
1249,85,954.5822398662567
1250,52,514.4167461395264
1251,133,744.0190839767456
1252,74,914.7179608345032
1253,59,510.09009194374084
1254,52,527.59947681427
1255,44,524.6023168563843
1256,69,682.300843000412
1257,49,710.8475201129913
1258,128,1294.336184978485
1259,75,593.217887878418
1260,50,529.7667047977448
1261,48,508.55784606933594
1262,68,698.9601318836212
1263,68,849.8143560886383
1264,47,487.0230669975281
1265,47,472.7340669631958
1266,168,770.1757609844208
1267,64,805.991711139679
1268,70,691.565780878067
1269,45,401.0795729160309
1270,58,417.37786388397217
1271,52,524.1567311286926
1272,48,395.3761808872223
1273,31,300.86547207832336
1274,89,668.9715909957886
1275,133,745.1750950813293
1276,49,716.0263798236847
1277,62,600.3240950107574
1278,56,412.7931590080261
1279,38,429.75411915779114
1280,67,553.3529460430145
1281,95,720.6021249294281
1282,64,854.5324380397797
1283,126,770.3344390392303
1284,61,539.9015040397644
1285,70,714.5312058925629
1286,36,354.4809949398041
1287,32,387.0994210243225
1288,96,764.2562420368195
1289,49,520.4466090202332
1290,139,812.4829230308533
1291,69,775.8749649524689
1292,117,975.2791419029236
1293,150,1548.9582169055939
1294,59,627.4919190406799
1295,78,740.7675740718842
1296,127,1125.9792029857635
1297,65,819.7779839038849
1298,126,798.5865161418915
1299,95,631.5138108730316
1300,62,643.9712400436401
1301,54,508.4599120616913
1302,66,663.5947539806366
1303,84,689.130753993988
1304,69,722.8509740829468
1305,103,930.0852999687195
1306,13,125.44435691833496
1307,71,764.5502829551697
1308,21,236.47055888175964
1309,123,1020.6259701251984
1310,57,598.1019470691681
1311,99,978.3879458904266
1312,28,264.30218291282654
1313,58,604.794144153595
1314,108,813.4973430633545
1315,46,439.35421895980835
1316,137,1184.034558057785
1317,30,273.82941699028015
1318,46,564.1507730484009
1319,46,372.91396403312683
1320,50,435.89409708976746
1321,86,921.1690149307251
1322,40,393.6015901565552
1323,29,300.40298891067505
1324,74,1237.7739090919495
1325,169,620.667230129242
1326,65,994.7962548732758
1327,29,317.6443591117859
1328,44,539.6345739364624
1329,8,58.83157801628113
1330,103,1172.7156529426575
1331,151,848.0962491035461
1332,87,596.4665820598602
1333,78,811.7641010284424
1334,98,858.979779958725
1335,102,1283.463199853897
1336,96,661.909481048584
1337,83,898.9172041416168
1338,109,756.7373790740967
1339,58,529.6474959850311
1340,7,62.34839487075806
1341,80,821.5192620754242
1342,113,1549.6626191139221
1343,46,435.37516617774963
1344,76,767.7816820144653
1345,62,601.9632399082184
1346,35,463.21470403671265
1347,45,560.5475928783417
1348,80,759.5933389663696
1349,123,729.0045421123505
1350,39,430.7686288356781
1351,98,826.9361090660095
1352,83,949.680773973465
1353,32,348.15622305870056
1354,107,821.832927942276
1355,91,796.8519489765167
1356,65,465.51426887512207
1357,29,267.1683728694916
1358,65,724.7684888839722
1359,38,363.9440550804138
1360,122,1236.9241969585419
1361,44,342.2805709838867
1362,17,152.0817620754242
1363,131,1759.1137919425964
1364,30,333.60918498039246
1365,69,660.7781538963318
1366,47,599.265881061554
1367,112,1097.3857650756836
1368,60,569.7882409095764
1369,73,795.5354418754578
1370,38,395.9112250804901
1371,87,651.6552829742432
1372,120,1025.9970180988312
1373,62,738.9434599876404
1374,58,574.1691830158234
1375,73,870.7515559196472
1376,96,1006.1735401153564
1377,92,760.6791808605194
1378,54,576.3199441432953
1379,63,814.7777330875397
1380,86,707.4506890773773
1381,88,821.3355150222778
1382,66,610.2640509605408
1383,45,520.7827730178833
1384,80,942.0264751911163
1385,26,260.0078649520874
1386,109,1121.346829175949
1387,37,408.55711698532104
1388,57,487.1113820075989
1389,43,433.49214601516724
1390,105,972.6762669086456
1391,67,674.1460139751434
1392,40,497.9237561225891
1393,82,728.306263923645
1394,80,1040.9002799987793
1395,64,1042.7417740821838
1396,110,606.86559009552
1397,113,837.3502271175385
1398,153,576.5450539588928
1399,106,755.2146039009094
1400,86,1121.6975719928741
1401,102,999.7683069705963
1402,69,753.0262429714203
1403,28,251.90722513198853
1404,64,638.4313938617706
1405,73,698.6289138793945
1406,61,514.238963842392
1407,52,634.123458147049
1408,84,541.4689009189606
1409,51,662.6579768657684
1410,45,495.05699706077576
1411,165,930.2244160175323
1412,55,498.28514099121094
1413,53,770.3146419525146
1414,61,587.7895781993866
1415,110,908.0083401203156
1416,43,423.67374897003174
1417,40,398.7252531051636
1418,75,648.9730439186096
1419,43,350.74149322509766
1420,112,891.2591400146484
1421,81,731.4768838882446
1422,71,621.3582730293274
1423,45,515.212749004364
1424,88,960.3657200336456
1425,62,521.727215051651
1426,36,422.5708131790161
1427,85,953.3278610706329
1428,57,562.8922870159149
1429,108,726.4269580841064
1430,107,662.282949924469
1431,104,655.3935160636902
1432,45,435.33508801460266
1433,101,1284.7115399837494
1434,96,821.8985521793365
1435,67,723.6874318122864
1436,107,1102.4322440624237
1437,76,726.2092719078064
1438,85,886.0803270339966
1439,59,596.3367791175842
1440,43,422.0650191307068
1441,31,294.6647090911865
1442,76,564.5164341926575
1443,1,6.350682020187378
1444,129,870.332704782486
1445,38,340.85957503318787
1446,56,587.2347779273987
1447,31,248.43879294395447
1448,31,299.18786001205444
1449,97,717.4941980838776
1450,77,932.4846959114075
1451,32,292.56794905662537
1452,64,596.5872831344604
1453,75,572.180792093277
1454,24,222.81595706939697
1455,135,850.639386177063
1456,108,879.5842890739441
1457,113,1008.6041781902313
1458,91,829.9166269302368
1459,28,242.58525586128235
1460,39,356.9858179092407
1461,47,540.0222280025482
1462,134,859.2712640762329
1463,71,956.1345920562744
1464,68,639.1415469646454
1465,60,628.4231719970703
1466,44,513.1818988323212
1467,84,978.412978887558
1468,62,736.0256090164185
1469,56,591.7681889533997
1470,74,1042.9331939220428
1471,81,962.0827941894531
1472,70,750.4601068496704
1473,54,640.5221560001373
1474,101,880.5890440940857
1475,45,439.6415750980377
1476,76,1632.6924409866333
1477,103,885.6013779640198
1478,96,861.9271430969238
1479,72,561.1085438728333
1480,35,308.46642088890076
1481,124,1187.1262609958649
1482,83,666.9980549812317
1483,52,589.4555959701538
1484,31,288.7725279331207
1485,36,351.8210380077362
1486,88,779.3109250068665
1487,47,577.2595360279083
1488,63,626.4143040180206
1489,47,393.435772895813
1490,77,822.5694091320038
1491,63,396.2172968387604
1492,64,503.3431861400604
1493,97,834.87175822258
1494,78,686.3707671165466
1495,59,630.6380381584167
1496,20,209.2721049785614
1497,121,584.909227848053
1498,75,830.5632610321045
1499,58,489.7820861339569
1500,57,436.8949251174927
1501,128,1100.1857571601868
1502,89,1228.9473690986633
1503,58,430.56890988349915
1504,83,391.31256580352783
1505,46,389.2102289199829
1506,53,708.5946600437164
1507,114,910.0843360424042
1508,89,532.9787731170654
1509,45,721.2614741325378
1510,46,381.74821615219116
1511,67,762.3551270961761
1512,94,632.8387489318848
1513,41,333.50901103019714
1514,21,242.4333519935608
1515,20,181.9098880290985
1516,47,603.4832599163055
1517,27,313.67361998558044
1518,80,799.0819320678711
1519,78,655.3943037986755
1520,24,274.9239881038666
1521,78,769.7456359863281
1522,76,776.6749629974365
1523,73,650.533509016037
1524,70,739.6043329238892
1525,46,496.8843660354614
1526,89,692.3106410503387
1527,91,1045.748379945755
1528,39,318.6009500026703
1529,47,787.9858908653259
1530,31,281.8041229248047
1531,66,661.1629722118378
1532,74,526.6947810649872
1533,25,289.18568420410156
1534,100,737.610279083252
1535,42,362.6910390853882
1536,116,750.5964391231537
1537,93,1011.6775839328766
1538,67,748.202507019043
1539,56,658.1412529945374
1540,70,683.6133041381836
1541,102,1037.2539970874786
1542,135,1213.2446048259735
1543,69,744.2351508140564
1544,94,715.0357081890106
1545,68,739.0653920173645
1546,88,992.9844560623169
1547,96,622.2959270477295
1548,81,880.8562750816345
1549,34,454.98990297317505
1550,130,967.3572809696198
1551,48,418.5831780433655
1552,56,857.0456008911133
1553,56,612.1543860435486
1554,23,206.2191300392151
1555,114,721.0641329288483
1556,54,517.471718788147
1557,118,295.84218287467957
1558,127,959.5305662155151
1559,81,743.8017590045929
1560,150,605.2808527946472
1561,33,303.81906485557556
1562,78,759.3780710697174
1563,119,647.0473690032959
1564,46,365.5125789642334
1565,70,849.8768229484558
1566,26,288.5587079524994
1567,122,606.1696639060974
1568,75,792.3696689605713
1569,88,1009.3809809684753
1570,56,499.5887920856476
1571,63,608.2419910430908
1572,43,477.8267149925232
1573,63,1121.352835893631
1574,123,1048.8427431583405
1575,53,545.2532169818878
1576,62,488.8818938732147
1577,62,647.1404240131378
1578,64,513.5098187923431
1579,31,179.51982498168945
1580,79,1192.7266688346863
1581,22,197.70770692825317
1582,33,260.06388998031616
1583,70,796.0687570571899
1584,72,616.6426899433136
1585,53,581.325217962265
1586,68,685.7200589179993
1587,59,721.6957631111145
1588,67,466.4900209903717
1589,80,753.8085551261902
1590,114,777.4457869529724
1591,100,805.7346150875092
1592,81,529.4394371509552
1593,18,151.9774308204651
1594,78,896.5317490100861
1595,88,893.2922790050507
1596,51,398.7391269207001
1597,158,730.7942519187927
1598,68,610.2246799468994
1599,34,394.88575887680054
1600,165,608.6727559566498
1601,69,890.4831929206848
1602,25,243.90911984443665
1603,25,277.89290404319763
1604,84,868.4813878536224
1605,29,234.06262683868408
1606,82,959.9249122142792
1607,89,838.52818608284
1608,67,650.0143280029297
1609,42,470.0650930404663
1610,60,702.4160740375519
1611,36,348.9746820926666
1612,93,980.4068191051483
1613,96,803.2464020252228
1614,100,820.0171401500702
1615,44,400.7042999267578
1616,85,773.9785687923431
1617,102,974.4657340049744
1618,70,943.4593360424042
1619,72,579.6050460338593
1620,48,446.8702039718628
1621,89,789.8775799274445
1622,103,1000.5745770931244
1623,60,608.0931351184845
1624,74,786.6558930873871
1625,64,800.17649102211
1626,79,572.813560962677
1627,147,941.5882790088654
1628,72,669.3048448562622
1629,96,641.9853191375732
1630,35,391.80232191085815
1631,38,362.1231348514557
1632,89,685.0191738605499
1633,75,795.6079111099243
1634,112,870.0113158226013
1635,60,545.4090211391449
1636,51,559.7428171634674
1637,62,705.865040063858
1638,73,771.0120220184326
1639,59,514.6397840976715
1640,84,605.2067649364471
1641,106,527.842325925827
1642,93,964.7092349529266
1643,35,273.0778970718384
1644,53,587.0385999679565
1645,132,758.5374310016632
1646,57,361.6125521659851
1647,52,568.6094310283661
1648,39,430.93026900291443
1649,75,838.4124610424042
1650,98,960.3515689373016
1651,74,944.0057339668274
1652,55,486.9736189842224
1653,37,293.4270920753479
1654,88,858.4792869091034
1655,108,1160.453197002411
1656,87,822.834734916687
1657,88,589.2908489704132
1658,30,242.71173095703125
1659,66,506.87778401374817
1660,103,876.1721360683441
1661,74,750.3022999763489
1662,78,689.227068901062
1663,25,231.6375150680542
1664,39,336.7394850254059
1665,63,619.1756720542908
1666,71,1155.5977070331573
1667,48,879.8092648983002
1668,86,1044.7596328258514
1669,90,1303.8786101341248
1670,83,712.0585198402405
1671,27,243.25150895118713
1672,141,1082.5390520095825
1673,74,678.5584950447083
1674,69,715.9023702144623
1675,60,527.0937299728394
1676,81,824.0519948005676
1677,89,747.5242428779602
1678,63,552.3847560882568
1679,61,654.6515560150146
1680,75,997.437488079071
1681,56,597.3633630275726
1682,80,746.5029029846191
1683,100,1197.575632095337
1684,116,839.6688458919525
1685,42,518.9211781024933
1686,53,520.7390639781952
1687,43,472.36477398872375
1688,159,815.6367378234863
1689,50,511.31265687942505
1690,50,654.1363179683685
1691,65,730.3137891292572
1692,73,771.2885460853577
1693,52,389.58302092552185
1694,100,1110.9748330116272
1696,93,828.7195529937744
1697,37,452.3396530151367
1698,101,788.3234272003174
1699,57,511.12990498542786
1700,62,540.7609848976135
1701,50,488.73171401023865
1702,94,828.2446148395538
1703,63,604.4466400146484
1704,146,1009.5892980098724
1705,39,427.73250102996826
1706,31,340.9902970790863
1707,15,113.50688791275024
1708,151,695.125853061676
1709,116,714.3579180240631
1710,79,709.9067029953003
1711,33,316.0201590061188
1712,45,417.47811794281006
1713,84,738.1731059551239
1714,47,506.7002589702606
1715,149,713.3991119861603
1716,108,608.4708850383759
1717,103,1022.3419029712677
1718,93,844.8295640945435
1719,79,822.631961107254
1720,103,576.5337200164795
1721,103,1284.078780889511
1722,54,590.961464881897
1723,49,530.3107900619507
1724,103,756.4858319759369
1725,55,656.4960820674896
1726,120,1260.745110988617
1727,159,867.5642039775848
1728,81,887.9329769611359
1729,41,433.027450799942
1730,56,496.34188890457153
1731,48,542.1463949680328
1732,70,745.7021050453186
1733,40,343.81200790405273
1734,44,393.8574368953705
1735,82,714.5563600063324
1736,58,491.1760449409485
1737,64,717.0583438873291
1738,93,406.68057584762573
1739,78,932.624058008194
1740,60,679.0024418830872
1741,37,371.7432370185852
1742,30,323.7579538822174
1743,40,402.14404916763306
1744,42,332.14922404289246
1745,116,717.3336718082428
1746,57,499.06199383735657
1747,108,644.7562379837036
1748,49,451.016578912735
1749,131,1085.1328010559082
1750,49,575.8262219429016
1751,58,575.3758959770203
1752,43,277.98080682754517
1753,68,633.4982199668884
1754,47,386.7325990200043
1755,72,1042.2181479930878
1756,76,633.9084348678589
1757,78,965.3927240371704
1758,70,672.9032011032104
1759,24,231.9225709438324
1760,100,718.833643913269
1761,36,392.91464614868164
1762,142,514.0805270671844
1763,58,697.2985248565674
1764,50,519.5192720890045
1765,54,540.4990088939667
1766,90,794.6157131195068
1767,72,943.3574509620667
1768,57,572.3817050457001
1769,47,576.4998228549957
1770,86,727.2744510173798
1771,80,659.4635188579559
1772,99,732.7039451599121
1773,50,592.7797989845276
1774,31,318.73664689064026
1775,118,1254.8357980251312
1776,87,603.2822880744934
1777,99,875.2436671257019
1778,84,891.2594242095947
1779,36,263.2214469909668
1780,59,527.411493062973
1781,81,730.3395450115204
1782,9,66.43605995178223
1783,136,1022.6151111125946
1784,37,344.71480083465576
1785,11,91.36000919342041
1786,85,1039.1736319065094
1788,147,1066.558699131012
1789,48,886.7578859329224
1790,36,288.26774501800537
1791,129,794.5760669708252
1792,44,410.13826990127563
1793,106,676.8845210075378
1794,86,849.2466311454773
1795,83,641.4365131855011
1796,58,600.1187851428986
1797,105,759.3458869457245
1798,66,534.4085540771484
1799,69,727.5915489196777
1800,74,1053.737693786621
1801,45,504.8757679462433
1802,58,581.2723069190979
1803,102,1024.7143540382385
1804,41,700.7609968185425
1805,11,68.02466797828674
1806,81,929.9280958175659
1807,142,601.2884840965271
1808,35,397.7157869338989
1809,18,178.642657995224
1810,44,492.89759492874146
1811,91,1090.6085619926453
1812,38,457.5151720046997
1813,136,887.6201751232147
1814,103,754.2730669975281
1815,92,691.9372072219849
1816,97,752.681361913681
1817,84,902.0021932125092
1818,68,871.5218517780304
1819,39,510.5317130088806
1820,79,832.082407951355
1821,29,317.01858377456665
1822,64,1002.3462760448456
1823,153,934.7210199832916
1824,71,782.0284421443939
1825,41,440.13853001594543
1826,64,768.1911180019379
1827,89,800.5694570541382
1828,119,1162.1302478313446
1829,21,268.50309109687805
1830,81,873.8166279792786
1831,75,603.5124518871307
1832,67,642.9719319343567
1833,94,1199.9015271663666
1834,84,901.0459749698639
1835,108,1116.0447459220886
1836,164,1069.271938085556
1837,51,536.1655261516571
1838,59,489.23605489730835
1839,42,390.5843188762665
1840,58,648.3980040550232
1841,60,998.7941210269928
1842,89,708.0744729042053
1843,51,646.3286778926849
1844,13,133.36523294448853
1845,108,860.4267919063568
1846,83,750.5135772228241
1847,90,752.3979599475861
1848,84,879.8446788787842
1849,73,775.5689191818237
1850,48,645.7535049915314
1851,66,663.5238227844238
1852,73,728.8498978614807
1853,33,349.7392520904541
1854,92,832.9827671051025
1855,30,285.51502203941345
1856,34,320.38929295539856
1857,45,406.77628898620605
1858,44,677.537948846817
1859,118,1010.1169219017029
1860,76,845.635491847992
1861,64,816.932247877121
1862,51,533.6143479347229
1863,52,286.72559094429016
1864,106,856.5685529708862
1865,44,397.092404127121
1866,25,274.3364009857178
1867,84,743.0938739776611
1868,128,986.8845970630646
1869,50,513.1035099029541
1870,110,806.9851789474487
1871,64,740.3015038967133
1872,57,546.2312829494476
1873,94,900.2077929973602
1874,62,580.2024350166321
1875,93,709.1628420352936
1876,109,1192.1728649139404
1877,102,510.18876004219055
1878,81,890.1512069702148
1879,69,745.2046089172363
1880,39,360.8750329017639
1881,145,878.9719049930573
1882,43,393.10326409339905
1883,62,713.5138611793518
1884,112,759.3733677864075
1885,63,577.1663970947266
1886,86,638.1349380016327
1887,57,718.4143841266632
1888,65,764.8540709018707
1889,128,636.4616620540619
1890,57,442.0857779979706
1891,37,365.08690094947815
1892,65,645.6721620559692
1893,157,768.8733990192413
1894,69,961.330766916275
1895,61,725.6109938621521
1896,38,398.54551887512207
1897,57,581.450658082962
1898,88,1026.7300889492035
1899,159,726.4751298427582
1900,110,1236.7171080112457
1901,96,570.7882800102234
1902,63,538.710578918457
1903,98,687.3113160133362
1904,74,967.007826089859
1905,98,740.2026908397675
1906,39,421.74703001976013
1907,54,510.65560603141785
1908,63,586.9938850402832
1909,59,672.4760508537292
1910,37,374.0902998447418
1911,31,373.55285906791687
1912,68,782.0889139175415
1913,53,571.2024309635162
1915,64,503.0627210140228
1916,40,479.2166929244995
1917,91,780.7003531455994
1918,61,633.3415200710297
1919,93,735.9142739772797
1920,70,753.3928101062775
1921,131,765.4503519535065
1922,37,276.3573670387268
1923,129,687.1346530914307
1924,51,593.6749541759491
1925,38,393.1190149784088
1926,124,931.1894240379333
1927,67,562.2291920185089
1928,67,583.051778793335
1929,108,970.6570751667023
1930,57,848.4030668735504
1931,21,212.96748399734497
1932,85,684.8722131252289
1933,23,267.95963501930237
1934,55,715.0409660339355
1935,59,428.7765748500824
1936,61,512.6548089981079
1937,47,331.79660296440125
1938,72,613.1998369693756
1939,147,693.7218868732452
1940,37,361.9393630027771
1941,85,787.0887060165405
1942,78,777.8480398654938
1943,56,573.5848100185394
1944,54,550.8119051456451
1945,40,417.5954840183258
1946,26,266.46917486190796
1947,59,684.9072299003601
1948,49,433.62609791755676
1949,89,991.907301902771
1950,103,1048.1164979934692
1951,81,947.4846200942993
1952,33,373.5958571434021
1953,60,548.2472410202026
1954,17,176.61090087890625
1955,116,690.4878480434418
1956,113,1176.977488040924
1957,42,532.1916990280151
1958,68,600.0012078285217
1959,110,800.7299761772156
1960,62,581.1642599105835
1961,105,1085.3367238044739
1962,141,541.8560199737549
1963,66,874.5018389225006
1964,98,926.2964189052582
1965,119,1170.9383370876312
1966,54,549.057855129242
1967,62,735.7475609779358
1968,86,1022.7779808044434
1969,31,263.15957498550415
1970,66,645.6655831336975
1971,114,731.4145219326019
1972,53,544.5348579883575
1973,24,202.05853915214539
1974,90,1048.3948938846588
1975,61,555.398087978363
1976,37,372.5775489807129
1977,93,754.1544561386108
1978,49,542.5523071289062
1979,38,279.52912998199463
1980,86,1190.6959059238434
1981,109,991.7615418434143
1982,71,727.8375010490417
1983,99,912.7425320148468
1984,59,496.19293308258057
1985,116,896.6169528961182
1986,126,509.7665648460388
1987,106,833.6684498786926
1988,69,701.9119870662689
1989,80,836.1818780899048
1990,56,738.6084499359131
1991,58,561.9866580963135
1992,85,896.0153419971466
1993,46,532.3558950424194
1994,80,573.2768459320068
1995,49,587.6905801296234
1996,19,231.5925681591034
1997,53,550.5495359897614
1998,65,562.6445999145508
1999,42,421.9179949760437
2000,98,987.324068069458
2001,52,528.4940981864929
2002,65,716.378751039505
2003,55,609.7324619293213
2004,119,419.8551161289215
2005,69,755.9748961925507
2006,69,834.0178589820862
2007,124,750.2644240856171
2008,113,952.354660987854
2009,71,665.187497138977
2010,35,473.3603620529175
2011,52,670.0491788387299
2012,50,460.4745509624481
2013,72,709.4892249107361
2014,59,860.1812570095062
2015,33,328.51895403862
2016,81,634.7223110198975
2017,43,568.2926590442657
2018,70,894.454833984375
2019,63,882.913871049881
2020,41,410.1669900417328
2021,11,121.77054595947266
2022,86,1039.037116765976
2023,46,592.7685911655426
2024,70,717.9786748886108
2025,64,622.9829361438751
2026,44,402.96280694007874
2027,61,575.3961110115051
2028,59,504.2096710205078
2029,68,611.9482290744781
2030,76,684.093474149704
2031,90,644.8745589256287
2032,94,860.7452750205994
2033,37,283.55307388305664
2034,104,899.1883821487427
2035,123,1100.1091139316559
2036,49,574.4039130210876
2037,98,912.850170135498
2038,101,991.0293130874634
2039,101,703.5160119533539
2040,69,764.0756068229675
2041,112,1216.7371990680695
2042,158,779.2599999904633
2043,41,438.7182049751282
2044,73,785.6075100898743
2045,84,661.2704889774323
2046,129,822.8665709495544
2047,76,555.744873046875
2048,21,177.83610606193542
2049,48,438.8146951198578
2050,26,233.37950587272644
2051,69,678.3257219791412
2052,58,560.3419139385223
2053,50,545.787770986557
2054,46,456.3192479610443
2055,71,781.3911759853363
2056,33,271.20064997673035
2057,52,444.56500697135925
2058,109,1309.7922039031982
2059,59,930.7552180290222
2060,48,622.3155920505524
2061,64,942.0483210086823
2062,100,722.6717131137848
2063,17,170.36230897903442
2064,72,864.0555019378662
2065,29,226.41833186149597
2066,83,959.0064570903778
2067,65,557.306890964508
2068,66,566.4244079589844
2069,81,1071.4692080020905
2070,65,777.4356398582458
2071,52,672.8466520309448
2072,55,779.8603978157043
2073,41,388.7823669910431
2074,89,996.6669840812683
2075,100,853.4730639457703
2076,55,586.0057909488678
2077,71,838.0767769813538
2078,121,1518.2998220920563
2079,51,463.182559967041
2080,63,506.54687905311584
2081,68,877.1375551223755
2082,61,596.470211982727
2083,40,448.12991094589233
2084,53,364.1359839439392
2085,63,669.7727880477905
2086,78,988.0193688869476
2087,72,781.4491090774536
2088,65,769.1914830207825
2089,42,412.06265807151794
2090,45,497.3022699356079
2091,54,565.0250918865204
2092,88,933.7345559597015
2093,91,856.0027651786804
2094,67,560.0729830265045
2095,52,487.4976019859314
2096,30,318.37672114372253
2097,14,122.3224630355835
2098,48,478.7288188934326
2099,53,455.76336002349854
2100,87,817.9441950321198
2101,33,308.85810899734497
2102,47,434.2076060771942
2103,45,420.2649030685425
2104,138,586.5236258506775
2105,48,369.14484000205994
2106,88,1714.8325488567352
2107,30,255.322026014328
2108,46,563.9243030548096
2109,19,177.97700214385986
2110,20,218.6858148574829
2111,106,895.5097849369049
2112,73,828.1262128353119
2113,76,575.7786200046539
2114,117,1279.6481511592865
2115,133,846.6530809402466
2116,44,390.8974950313568
2117,86,598.5611839294434
2118,49,648.456827878952
2119,57,574.0674631595612
2120,42,433.68119597435
2121,74,1422.2207560539246
2122,170,967.3679850101471
2123,23,238.46119499206543
2124,29,267.6905429363251
2125,51,460.4817430973053
2126,88,904.8006980419159
2127,32,409.1792140007019
2128,106,820.4996290206909
2130,73,747.2048599720001
2131,128,668.1741180419922
2132,102,1081.8205749988556
2133,69,604.1092810630798
2134,78,695.920511007309
2135,61,789.9671280384064
2136,63,838.4693341255188
2137,47,507.8010640144348
2138,65,703.6713089942932
2139,71,566.8309669494629
2140,78,675.6076381206512
2141,43,452.3474910259247
2142,106,853.8414480686188
2143,58,471.6920630931854
2144,63,503.2709629535675
2145,86,621.3822820186615
2146,101,593.944216966629
2147,91,659.344685792923
2148,111,1101.1296021938324
2149,69,822.0677440166473
2150,58,536.7983889579773
2151,55,533.2703039646149
2152,87,657.1474521160126
2153,76,573.7592039108276
2154,65,572.1050519943237
2155,36,362.05952620506287
2156,150,1061.9847328662872
2157,61,635.6920158863068
2158,57,584.704845905304
2159,113,946.2580540180206
2160,65,723.5265448093414
2161,47,701.4721601009369
2162,132,700.8758778572083
2163,163,703.2182078361511
2164,55,585.3813920021057
2165,64,632.724378824234
2166,75,580.0276749134064
2167,48,477.5888500213623
2168,41,376.71670508384705
2169,54,522.4305670261383
2170,119,1121.2277119159698
2171,101,685.9852299690247
2172,63,532.6119239330292
2173,101,935.5006649494171
2174,56,431.9160349369049
2175,104,1222.7224390506744
2176,54,523.6676201820374
2177,93,1063.9023270606995
2178,47,521.916515827179
2179,111,755.0171971321106
2180,62,778.5302839279175
2181,52,576.8685839176178
2182,66,575.391165971756
2183,52,579.9839990139008
2184,37,373.53582787513733
2185,49,484.3141460418701
2186,65,631.9940237998962
2187,71,702.5664689540863
2188,90,897.0024440288544
2189,121,1362.6074571609497
2190,76,1100.4637830257416
2191,32,397.1507840156555
2192,99,751.937597990036
2193,64,638.965470790863
2194,111,995.6337728500366
2195,49,534.8033030033112
2196,70,717.6386139392853
2197,35,312.8681609630585
2198,57,532.0571320056915
2199,65,518.1793119907379
2200,115,869.2550449371338
2201,117,533.7615330219269
2202,121,1241.967962026596
2203,73,859.9492239952087
2204,67,869.5023770332336
2205,130,981.2103579044342
2206,40,357.0742681026459
2207,92,1059.1352179050446
2208,33,324.49411392211914
2209,66,560.8900289535522
2210,51,514.3447279930115
2211,34,391.6521029472351
2212,72,894.9845099449158
2213,55,563.9856638908386
2214,55,591.1417500972748
2215,112,1148.9625589847565
2216,31,242.8745059967041
2217,55,509.5006082057953
2218,55,527.2712111473083
2219,122,942.6177430152893
2220,60,660.0491361618042
2221,148,1539.2402288913727
2222,82,985.4119191169739
2223,40,425.4827799797058
2224,90,1073.918641090393
2225,28,298.82753705978394
2226,49,547.5321390628815
2227,76,803.755597114563
2228,103,919.5181620121002
2229,69,781.9283001422882
2230,76,784.1860909461975
2231,83,715.8580539226532
2232,75,740.1436131000519
2233,141,797.6578629016876
2234,49,546.3009669780731
2235,25,280.2386648654938
2236,108,752.1439671516418
2237,104,599.9701910018921
2238,86,708.0778479576111
2239,59,754.0395290851593
2240,69,603.1503329277039
2241,112,1185.3625619411469
2242,89,985.3800251483917
2243,94,1012.1954419612885
2244,51,640.6487917900085
2245,32,353.73188304901123
2246,35,473.26038098335266
2247,109,1123.9298739433289
2248,96,754.3245599269867
2249,53,426.24247312545776
2250,69,648.1628890037537
2251,74,890.8198108673096
2252,96,555.3683559894562
2253,73,797.5305151939392
2254,67,776.3670060634613
2255,66,887.1606140136719
2256,45,496.63211488723755
2257,57,562.1505060195923
2258,65,661.7513828277588
2259,64,644.3796110153198
2260,71,958.5915470123291
2261,49,531.5812480449677
2262,12,118.38181495666504
2263,52,658.0793120861053
2264,102,998.6488361358643
2265,76,935.4205858707428
2266,55,599.4231281280518
2267,7,61.451205015182495
2268,68,627.2932980060577
2269,16,192.96228098869324
2270,102,627.7331318855286
2271,114,879.0607690811157
2272,56,616.2259709835052
2273,71,648.3823390007019
2274,84,564.2261638641357
2275,72,673.0639371871948
2276,64,709.3700349330902
2277,77,827.253424167633
2278,142,674.0338191986084
2279,135,780.508229970932
2280,104,952.9707670211792
2281,74,703.3887560367584
2282,81,439.8487288951874
2283,64,654.3394849300385
2284,102,1274.1706128120422
2285,49,493.40446615219116
2286,53,423.45587396621704
2287,113,962.4136021137238
2288,61,967.4997689723969
2289,39,392.28758811950684
2290,70,727.6821908950806
2291,74,807.9559850692749
2292,27,299.5540659427643
2293,96,1153.1260168552399
2294,63,616.1728930473328
2295,38,354.82332396507263
2296,37,376.1898250579834
2297,19,196.9575219154358
2298,109,789.7039048671722
2299,64,594.5532610416412
2300,91,706.9553530216217
2301,65,811.4688429832458
2302,104,610.6674511432648
2303,48,566.3451418876648
2304,17,117.97828698158264
2305,54,586.4627730846405
2306,57,611.7562000751495
2307,48,600.7486319541931
2308,44,601.4812729358673
2309,87,894.9512388706207
2310,37,302.4938349723816
2311,121,905.1155669689178
2312,99,864.0348479747772
2313,77,496.67399501800537
2314,71,822.1405208110809
2315,56,1039.4578068256378
2316,80,647.3750400543213
2317,155,693.1768760681152
2318,43,421.8366389274597
2319,126,1046.132933139801
2320,88,1066.5299961566925
2321,102,1003.293771982193
2322,44,452.01785612106323
2323,38,337.4132192134857
2324,91,1040.5726120471954
2325,69,1093.675059080124
2326,51,495.1777241230011
2327,43,409.6770689487457
2328,33,304.57250905036926
2329,65,617.910355091095
2330,65,641.5961740016937
2331,65,491.84961009025574
2332,96,926.5934360027313
2333,75,871.5674889087677
2334,146,836.1382839679718
2335,49,467.4665741920471
2336,63,721.5191090106964
2337,102,854.8044850826263
2338,57,407.10882592201233
2339,118,938.7785320281982
2340,64,624.2669169902802
2341,59,533.6641089916229
2342,58,920.444415807724
2343,23,264.4493188858032
2344,66,788.5476269721985
2345,32,409.54477405548096
2346,57,628.9688720703125
2347,92,746.315682888031
2348,140,916.4346041679382
2349,58,886.4371571540833
2350,92,682.7025010585785
2351,75,615.5070381164551
2352,62,610.8240849971771
2353,68,551.6471600532532
2354,59,623.9492189884186
2355,120,1066.2444989681244
2356,133,1346.3739321231842
2357,53,480.33826208114624
2358,79,642.5617990493774
2359,91,677.0323748588562
2360,89,978.2005710601807
2361,75,514.7206239700317
2362,42,331.7086730003357
2363,60,746.5287959575653
2364,141,630.673259973526
2365,90,621.1666221618652
2366,133,1037.1891520023346
2367,80,572.5037140846252
2368,67,761.5816259384155
2369,140,807.6806690692902
2370,63,755.1348268985748
2371,90,585.5584042072296
2372,51,483.49562883377075
2373,58,758.6436381340027
2374,43,486.0612518787384
2375,81,1057.263699054718
2376,41,421.5650599002838
2377,85,879.6853928565979
2378,95,970.7887389659882
2379,82,899.9670720100403
2380,93,786.9928259849548
2381,115,835.5724949836731
2382,83,831.3737690448761
2383,87,883.1152760982513
2384,41,417.5750868320465
2385,45,408.134113073349
2386,41,515.2885310649872
2387,101,950.5189280509949
2388,18,141.21115398406982
2389,56,686.7056181430817
2390,78,1137.2689061164856
2391,72,886.7422790527344
2392,121,637.8693311214447
2393,36,336.3218650817871
2394,71,685.8076829910278
2395,59,571.0463998317719
2396,77,680.7766120433807
2397,114,1030.1573882102966
2398,129,989.8160619735718
2399,34,369.10639786720276
2401,56,692.7707290649414
2402,36,350.468798160553
2403,110,719.2709259986877
2404,70,739.6779069900513
2405,14,116.97348308563232
2406,97,710.9387211799622
2407,42,500.9805688858032
2408,69,714.1502850055695
2409,76,719.9321758747101
2410,121,1352.1188960075378
2411,53,487.4628310203552
2412,51,680.3025970458984
2413,71,912.2271430492401
2414,65,788.6349720954895
2415,71,648.9644291400909
2416,33,399.79462599754333
2417,65,708.3178989887238
2418,55,582.4607870578766
2419,112,948.2103970050812
2420,60,700.0081059932709
2421,66,696.4808030128479
2422,103,932.5035979747772
2423,88,772.4074130058289
2424,28,325.6613059043884
2425,49,587.3604381084442
2426,64,911.65873503685
2427,79,644.4919328689575
2428,54,457.52888798713684
2429,44,416.76407194137573
2430,75,833.6765501499176
2431,66,687.0448880195618
2432,30,323.19848585128784
2433,90,938.1839771270752
2434,64,531.15207695961
2435,45,470.9354100227356
2436,62,535.3836979866028
2437,111,756.4114711284637
2438,75,896.11270403862
2439,56,389.6009020805359
2440,92,919.2744560241699
2441,85,718.2965469360352
2442,50,538.7041749954224
2443,68,652.5793950557709
2444,57,777.757385969162
2445,56,974.3465089797974
2446,77,854.7185380458832
2447,63,567.3359429836273
2448,13,131.42048287391663
2449,73,772.8757100105286
2450,46,435.3978781700134
2451,161,873.0034990310669
2452,108,1597.965891122818
2453,57,559.8894290924072
2454,86,790.2230069637299
2455,133,636.9416551589966
2456,83,900.0696151256561
2457,64,683.5067148208618
2458,45,477.8569550514221
2459,41,475.9328420162201
2460,55,544.3338210582733
2461,164,1359.1900799274445
2462,63,659.9314789772034
2463,111,1220.8640320301056
2464,86,883.2657999992371
2465,34,373.343101978302
2466,88,1252.8674578666687
2467,60,582.7674310207367
2468,77,650.6697890758514
2469,49,473.6494140625
2470,28,295.76047682762146
2471,71,849.315376996994
2472,60,636.8583831787109
2473,73,847.9363479614258
2474,73,939.2235250473022
2475,71,854.7050971984863
2476,87,654.1412539482117
2477,32,310.5089271068573
2478,43,388.1388809680939
2479,66,930.8934237957001
2480,68,1611.9193921089172
2481,62,611.2950820922852
2482,71,915.7710280418396
2483,69,990.6737978458405
2484,59,591.9194860458374
2485,53,589.4666440486908
2486,42,472.18828797340393
2487,37,305.4812500476837
2488,90,1012.365875005722
2489,25,276.7831299304962
2490,77,800.7438290119171
2491,39,485.2104420661926
2492,118,820.27578997612
2493,45,499.1479330062866
2494,50,702.2455668449402
2495,38,502.6166019439697
2496,91,1090.3182480335236
2497,32,398.41711711883545
2498,39,570.0853188037872
2499,82,1334.6784081459045
2500,90,807.8942620754242
2501,54,499.85178995132446
2502,21,204.40337705612183
2503,61,593.3631830215454
2504,38,279.20467710494995
2505,48,469.25712299346924
2506,85,571.7425708770752
2507,90,719.9444189071655
2508,45,434.0364980697632
2509,68,864.7408828735352
2510,78,529.8909089565277
2511,72,927.085047006607
2512,67,599.3749969005585
2513,59,714.3010129928589
2514,55,640.9540438652039
2515,104,949.7324328422546
2516,115,998.3186128139496
2517,53,751.678866147995
2518,53,493.3737781047821
2519,67,687.0163660049438
2520,73,633.493665933609
2521,72,885.4353530406952
2522,56,514.4752428531647
2523,49,547.9050319194794
2524,43,363.0396640300751
2525,40,506.1945741176605
2526,107,638.8343901634216
2527,135,950.4849648475647
2528,59,831.9261450767517
2529,106,560.8336119651794
2530,29,301.5443170070648
2531,54,530.0504779815674
2532,34,330.1604118347168
2533,95,910.6751110553741
2534,65,755.516608953476
2535,97,811.1916871070862
2536,92,506.1946520805359
2537,56,540.8413219451904
2538,59,691.3992199897766
2539,61,475.2963659763336
2540,127,1092.991739988327
2541,53,617.1377000808716
2542,35,318.45735692977905
2543,98,895.2009980678558
2544,35,405.918349981308
2545,70,685.1114730834961
2546,118,1269.5211629867554
2547,75,748.3944680690765
2548,47,493.2091188430786
2549,33,352.2277648448944
2550,75,580.0924370288849
2551,21,272.91270685195923
2552,55,443.11759996414185
2553,17,146.471009016037
2554,51,543.6562080383301
2555,83,1033.7069249153137
2556,28,226.43173623085022
2557,36,492.90549302101135
2558,91,984.0144309997559
2559,49,408.6999280452728
2560,66,723.1427290439606
2561,81,1127.747428894043
2562,118,835.1061410903931
2563,91,1065.3165049552917
2565,75,639.9170598983765
2566,59,685.2822680473328
2567,49,773.2067999839783
2568,68,767.6545140743256
2569,108,962.6557190418243
2570,79,992.3021068572998
2571,75,860.3919639587402
2572,50,391.98621106147766
2573,61,450.6957709789276
2574,81,1262.0117709636688
2575,101,751.7433409690857
2576,99,694.8687529563904
2577,66,705.516539812088
2578,67,574.6961989402771
2579,47,657.0173199176788
2580,35,380.66387701034546
2581,65,749.245512008667
2582,138,803.3291578292847
2583,120,922.8325028419495
2584,65,658.5893139839172
2585,48,485.9094121456146
2586,62,525.170501947403
2587,63,530.9161849021912
2588,58,832.670089006424
2589,55,496.0186700820923
2590,63,761.2962899208069
2591,92,929.3042421340942
2592,79,851.0851519107819
2593,41,456.9022240638733
2594,45,430.0399158000946
2595,57,607.7979319095612
2596,23,242.7120759487152
2597,42,517.5155680179596
2598,82,708.1552610397339
2599,45,460.0398921966553
2600,78,732.3379690647125
2601,67,668.2058401107788
2602,28,225.37147903442383
2603,136,1070.0788559913635
2604,129,1223.0334379673004
2605,51,618.3364489078522
2606,47,334.6109480857849
2607,109,625.3933198451996
2608,101,862.6142070293427
2609,41,352.01341485977173
2610,126,1132.5126140117645
2611,63,748.7719528675079
2612,130,1229.6931250095367
2613,73,787.6470589637756
2614,30,270.7212769985199
2615,105,1020.1617548465729
2616,60,837.3588840961456
2617,45,538.13419008255
2618,103,1149.1469271183014
2619,53,466.42072796821594
2620,73,1031.975946187973
2621,67,822.065670967102
2622,63,659.3446099758148
2623,100,968.5552659034729
2624,61,702.4371628761292
2625,28,238.32402300834656
2626,35,447.94740986824036
2627,153,1758.3280899524689
2628,161,595.4303169250488
2629,72,675.6497859954834
2630,33,387.1359598636627
2631,87,878.9770231246948
2632,86,961.7215359210968
2633,68,778.7052600383759
2634,60,577.2943050861359
2635,60,639.7070050239563
2636,36,347.47574186325073
2637,78,777.0543639659882
2638,107,1581.2996129989624
2639,115,1219.605171918869
2640,8,71.48099398612976
2641,59,555.8483469486237
2642,135,1331.9489409923553
2643,77,763.9005658626556
2644,36,334.84416818618774
2645,118,886.8406901359558
2646,125,812.1353960037231
2647,136,887.3064098358154
2648,72,741.2093069553375
2649,158,1080.8727729320526
2650,60,766.923406124115
2651,39,354.2498209476471
2652,60,605.102744102478
2653,66,560.546079158783
2654,31,287.7179250717163
2655,62,607.8007090091705
2656,59,626.8165810108185
2657,48,324.3725628852844
2658,76,721.8816540241241
2659,55,524.3954222202301
2660,47,654.9804639816284
2661,73,894.3079209327698
2662,115,1427.3488700389862
2663,18,205.60366296768188
2664,101,953.4187250137329
2665,94,742.2177720069885
2666,79,761.8261260986328
2667,107,871.5841410160065
2668,49,928.8239860534668
2669,51,600.1717810630798
2670,101,717.751867055893
2671,51,474.84636878967285
2672,90,846.6377511024475
2673,62,646.0949881076813
2674,74,951.9088637828827
2675,67,1143.1156849861145
2676,59,721.0824298858643
2677,97,1020.9447650909424
2678,55,681.3419439792633
2679,35,338.8413770198822
2680,115,573.274708032608
2681,146,713.6375479698181
2682,153,944.1772561073303
2683,34,387.676344871521
2684,70,685.2600429058075
2685,94,857.7755720615387
2686,28,275.59512996673584
2687,51,574.6101920604706
2688,24,288.38588309288025
2689,86,783.7326409816742
2690,98,661.053731918335
2691,71,781.1759469509125
2692,45,541.6802039146423
2693,55,687.3228089809418
2694,80,606.4280841350555
2695,76,912.1423118114471
2696,14,122.84335899353027
2697,49,643.6094720363617
2698,82,619.566654920578
2699,91,803.6183037757874
2700,82,450.1884307861328
2701,58,600.4913868904114
2702,47,569.7782928943634
2703,27,234.16558194160461
2704,52,426.6505219936371
2705,51,543.7900228500366
2706,60,561.0378570556641
2707,76,816.5004689693451
2708,42,527.3261969089508
2709,68,598.8099801540375
2710,39,418.0359010696411
2711,105,597.9798681735992
2712,162,1169.7051038742065
2713,53,541.8385789394379
2714,63,701.9385988712311
2715,91,908.9796731472015
2716,90,1357.299369096756
2717,77,625.1071171760559
2718,46,885.4262051582336
2719,39,542.7125701904297
2720,77,730.979483127594
2721,65,601.0606591701508
2722,61,842.0686938762665
2723,50,505.750638961792
2724,23,244.68183493614197
2725,47,541.8424308300018
2726,40,404.7360692024231
2727,73,801.7910029888153
2728,88,789.2953290939331
2729,73,565.5104320049286
2730,79,993.6529130935669
2731,27,304.2038240432739
2732,50,512.9907801151276
2733,48,452.21976685523987
2734,59,547.9997720718384
2735,54,591.2188069820404
2736,76,710.8237400054932
2737,45,567.9699380397797
2738,69,584.6337671279907
2739,100,1137.5104041099548
2740,38,469.20908784866333
2741,43,454.2990210056305
2742,44,367.22244691848755
2743,13,136.21838307380676
2744,84,594.9438111782074
2745,70,718.6385459899902
2746,100,805.7178800106049
2747,132,883.698086977005
2748,78,836.1207580566406
2749,38,384.03540897369385
2750,68,595.6502120494843
2751,119,1106.278398990631
2752,54,682.315908908844
2753,162,892.8224120140076
2754,84,740.4141309261322
2755,50,564.8793578147888
2756,118,814.5628430843353
2757,11,111.39060497283936
2758,84,788.9913129806519
2759,127,762.6026721000671
2760,48,487.90192794799805
2761,26,208.9430329799652
2762,48,467.997211933136
2763,41,403.196426153183
2764,86,807.4905190467834
2765,116,983.1886310577393
2766,66,819.1909289360046
2767,104,633.2110919952393
2768,56,419.83721709251404
2769,56,502.3832778930664
2770,89,762.8881230354309
2771,58,602.1332550048828
2772,48,473.96041202545166
2773,59,605.907632112503
2774,72,678.816143989563
2775,42,396.51294207572937
2776,90,906.0638651847839
2777,152,726.0887768268585
2778,54,577.3510630130768
2779,47,516.2793309688568
2780,78,905.8109560012817
2781,155,1118.0136799812317
2782,102,599.7993450164795
2783,83,898.4509890079498
2784,74,787.1250469684601
2785,86,810.1973268985748
2786,83,644.9242839813232
2787,88,994.8185510635376
2788,28,213.03536987304688
2789,29,266.523668050766
2790,48,435.6770191192627
2791,86,868.901083946228
2792,86,1034.3446469306946
2793,69,747.4163320064545
2794,53,601.9970581531525
2795,79,1048.8179800510406
2796,59,492.3434748649597
2797,47,488.8639090061188
2798,39,434.8437991142273
2799,97,540.6069610118866
2800,67,478.2676899433136
2801,34,345.9905798435211
2802,39,387.93629693984985
2803,43,426.3957829475403
2804,65,1104.5325388908386
2805,22,241.2053680419922
2806,84,815.5595998764038
2807,41,364.51556301116943
2808,35,429.9464809894562
2809,71,770.5507049560547
2810,11,65.48771500587463
2811,57,535.5569829940796
2812,46,455.6332039833069
2813,56,566.485503911972
2814,43,504.12644815444946
2815,57,761.7098190784454
2816,62,585.6780550479889
2817,81,840.2545812129974
2818,74,928.2550101280212
2819,45,529.5793888568878
2820,105,676.6777920722961
2821,80,835.9392011165619
2822,42,527.1196479797363
2823,66,724.5899498462677
2824,58,680.2411670684814
2825,43,389.06791520118713
2826,71,548.5328769683838
2827,121,858.5135688781738
2828,99,1112.6074860095978
2829,31,344.99570178985596
2830,95,915.3954839706421
2831,53,620.3580060005188
2832,85,624.2763957977295
2833,35,379.79078102111816
2834,37,467.22820687294006
2835,72,708.2377209663391
2836,66,891.5912318229675
2837,62,498.16998505592346
2838,45,396.0439248085022
2839,91,868.0093669891357
2840,66,763.0527799129486
2841,49,528.5968499183655
2842,78,635.7820179462433
2843,59,759.9396731853485
2844,108,914.6470830440521
2845,32,335.11181688308716
2846,74,727.1867341995239
2847,43,468.4633240699768
2848,27,268.97547006607056
2849,55,519.6727600097656
2850,80,769.1357429027557
2851,44,325.5519189834595
2852,64,633.3042249679565
2853,53,445.30628395080566
2854,43,493.22666692733765
2855,142,967.5090820789337
2856,51,424.2483911514282
2857,48,522.1462759971619
2858,61,735.984493970871
2859,77,770.9640011787415
2860,68,633.2011950016022
2861,28,224.14176487922668
2862,25,246.82241797447205
2863,102,745.0114319324493
2864,121,758.9499759674072
2865,131,739.1089861392975
2866,54,595.9073910713196
2867,53,414.02009105682373
2868,76,578.7874801158905
2869,25,248.72405886650085
2870,94,752.3062770366669
2871,85,964.3715651035309
2872,96,634.2179901599884
2873,103,635.1404221057892
2874,94,1189.3661968708038
2875,72,662.2388439178467
2876,46,435.4372010231018
2877,31,308.9216380119324
2878,81,906.0035557746887
2879,72,747.8190650939941
2880,77,778.1372828483582
2881,73,572.5742590427399
2882,58,792.3756499290466
2883,21,196.53509402275085
2884,79,828.471596956253
2885,55,582.4915590286255
2886,25,295.8585879802704
2887,24,275.7708339691162
2888,35,368.60444688796997
2889,60,739.598464012146
2890,63,606.0574638843536
2891,43,428.1153221130371
2892,83,888.2453548908234
2893,83,948.8973021507263
2894,68,629.2677261829376
2895,42,538.2087800502777
2896,70,724.0628118515015
2897,44,467.4415259361267
2898,102,754.8605539798737
2899,43,384.30744194984436
2900,32,291.8505449295044
2901,125,756.1757478713989
2902,160,928.8805100917816
2903,104,973.7819399833679
2904,100,1028.2251749038696
2905,74,725.9869840145111
2906,56,467.6972680091858
2907,37,354.49011397361755
2908,90,797.8085360527039
2909,34,316.2921838760376
2910,38,387.5835118293762
2911,23,221.29891300201416
2912,30,233.9133608341217
2913,43,305.35681200027466
2914,46,519.9698219299316
2915,88,1047.9997680187225
2916,88,639.5106520652771
2917,63,769.4793419837952
2918,69,1044.5097658634186
2919,31,304.7055459022522
2920,48,464.97931003570557
2921,48,402.7955250740051
2922,103,994.5826890468597
2923,66,279.8510670661926
2924,54,470.0843942165375
2925,130,981.3628039360046
2926,47,466.3147768974304
2927,150,1076.0615539550781
2928,52,460.90257596969604
2929,60,596.5534160137177
2930,68,722.5831530094147
2931,105,879.0376632213593
2932,64,599.2958698272705
2933,89,825.503228187561
2934,63,454.9199538230896
2935,74,538.9710669517517
2936,83,1073.1016700267792
2937,126,1038.2768609523773
2938,56,571.1963560581207
2939,58,552.6841819286346
2940,74,617.3230109214783
2941,47,406.6906659603119
2942,56,714.6607179641724
2943,54,527.1271789073944
2944,98,817.0227580070496
2945,77,862.5490500926971
2946,90,1260.0394258499146
2947,85,945.3075740337372
2948,59,574.7955410480499
2949,117,693.1201260089874
2950,85,838.2342970371246
2951,23,239.85944199562073
2952,42,435.158066034317
2953,73,617.7711749076843
2954,69,619.97172498703
2955,79,494.22272396087646
2956,82,614.1038689613342
2957,72,706.693078994751
2958,126,645.5228991508484
2959,88,710.1785228252411
2960,68,747.4563579559326
2961,85,529.4634301662445
2962,143,791.795716047287
2963,39,305.1899878978729
2964,103,1223.52578997612
2965,126,1110.8527209758759
2966,64,676.9510610103607
2967,53,545.4630007743835
2968,63,532.8042540550232
2969,59,604.9822399616241
2970,89,1050.6346838474274
2971,64,779.8519189357758
2972,61,689.1806919574738
2973,43,400.47057580947876
2974,89,599.1341300010681
2975,46,465.9504671096802
2976,72,766.1026711463928
2977,79,839.4403529167175
2978,72,636.8164720535278
2979,49,595.0535111427307
2980,127,1045.9676699638367
2981,104,408.07783102989197
2982,87,661.6064929962158
2983,56,666.8704960346222
2984,113,672.3720829486847
2985,42,441.73868680000305
2986,88,643.2115471363068
2987,85,987.9405338764191
2988,104,828.8792879581451
2989,47,508.18656396865845
2990,25,241.548357963562
2991,68,757.807137966156
2992,68,837.7455949783325
2993,95,889.3942909240723
2994,27,216.8000910282135
2995,82,624.4086611270905
2996,162,776.72421002388
2997,41,319.74406003952026
2998,72,581.2723188400269
2999,41,381.907860994339
3000,71,681.8238158226013
